game_id,date,team,opponent,team_abbr,fg,fg_pct,3pt,3p_pct,ft,ft_pct,oreb,dreb,reb,ast,stl,blk,to,pf,pts,fgm,fga,3pm,3pa,ftm,fta,possessions,offensive_rating,effective_fg_pct,turnover_pct,assist_turnover_ratio,free_throw_rate,three_point_rate,ball_security,shot_value,offensive_flow
20260508_CON_NY,"Friday, May 08, 2026",Connecticut Sun,New York Liberty,CON,32-83,39,4-22,18,7-15,47,12,20,32,21,5,2,16,25,75,32,83,4,22,7,15,93.6,80.128,0.41,0.171,1.312,0.181,0.265,0.829,0.229,0.656
20260508_CON_NY,"Friday, May 08, 2026",New York Liberty,Connecticut Sun,NY,35-67,52,10-31,32,26-31,84,7,30,37,26,9,5,16,23,106,35,67,10,31,26,31,89.64,118.251,0.597,0.178,1.625,0.463,0.463,0.822,0.836,0.743
20260508_WSH_TOR,"Friday, May 08, 2026",Washington Mystics,Toronto Tempo,WSH,25-64,39,5-24,21,13-22,59,9,35,44,14,10,5,18,28,68,25,64,5,24,13,22,82.68,82.245,0.43,0.218,0.778,0.344,0.375,0.782,0.438,0.56
20260508_WSH_TOR,"Friday, May 08, 2026",Toronto Tempo,Washington Mystics,TOR,17-63,27,5-25,20,26-35,74,9,28,37,10,10,2,16,26,65,17,63,5,25,26,35,85.4,76.112,0.31,0.187,0.625,0.556,0.397,0.813,0.651,0.588
20260509_GS_SEA,"Saturday, May 09, 2026",Golden State Valkyries,Seattle Storm,GS,31-74,42,15-37,41,14-22,64,13,22,35,22,5,5,9,23,91,31,74,15,37,14,22,79.68,114.207,0.52,0.113,2.444,0.297,0.5,0.887,0.797,0.71
20260509_GS_SEA,"Saturday, May 09, 2026",Seattle Storm,Golden State Valkyries,SEA,26-63,41,9-26,35,19-27,70,13,28,41,16,4,5,14,22,80,26,63,9,26,19,27,75.88,105.43,0.484,0.185,1.143,0.429,0.413,0.815,0.73,0.615
20260509_DAL_IND,"Saturday, May 09, 2026",Dallas Wings,Indiana Fever,DAL,39-66,59,12-23,52,17-24,71,3,24,27,26,9,2,15,28,107,39,66,12,23,17,24,88.56,120.822,0.682,0.169,1.733,0.364,0.348,0.831,0.803,0.667
20260509_DAL_IND,"Saturday, May 09, 2026",Indiana Fever,Dallas Wings,IND,40-77,52,7-24,29,17-21,81,7,21,28,23,4,2,14,25,104,40,77,7,24,17,21,93.24,111.54,0.565,0.15,1.643,0.273,0.312,0.85,0.494,0.575
20260509_PHX_LV,"Saturday, May 09, 2026",Phoenix Mercury,Las Vegas Aces,PHX,38-77,49,11-24,46,12-15,80,7,30,37,23,11,4,7,10,99,38,77,11,24,12,15,83.6,118.421,0.565,0.084,3.286,0.195,0.312,0.916,0.584,0.605
20260509_PHX_LV,"Saturday, May 09, 2026",Las Vegas Aces,Phoenix Mercury,LV,29-71,41,4-19,21,4-8,50,6,29,35,19,5,8,17,15,66,29,71,4,19,4,8,85.52,77.175,0.437,0.199,1.118,0.113,0.268,0.801,0.225,0.655
20260510_ATL_MIN,"Sunday, May 10, 2026",Atlanta Dream,Minnesota Lynx,ATL,31-73,42,7-29,24,22-30,73,19,27,46,22,9,6,20,18,91,31,73,7,29,22,30,87.2,104.358,0.473,0.229,1.1,0.411,0.397,0.771,0.589,0.71
20260510_ATL_MIN,"Sunday, May 10, 2026",Minnesota Lynx,Atlanta Dream,MIN,35-70,50,5-18,28,15-22,68,7,18,25,20,10,7,15,24,90,35,70,5,18,15,22,87.68,102.646,0.536,0.171,1.333,0.314,0.257,0.829,0.429,0.571
20260510_CHI_POR,"Sunday, May 10, 2026",Chicago Sky,Portland Fire,CHI,33-69,48,6-17,35,26-34,76,14,32,46,22,4,8,9,17,98,33,69,6,17,26,34,78.96,124.113,0.522,0.114,2.444,0.493,0.246,0.886,0.638,0.667
20260510_CHI_POR,"Sunday, May 10, 2026",Portland Fire,Chicago Sky,POR,29-71,41,9-29,31,16-20,80,3,21,24,20,6,7,8,24,83,29,71,9,29,16,20,84.8,97.877,0.472,0.094,2.5,0.282,0.408,0.906,0.606,0.69
20260510_SEA_CON,"Sunday, May 10, 2026",Seattle Storm,Connecticut Sun,SEA,27-61,44,10-22,45,25-33,76,7,25,32,14,10,8,14,22,89,27,61,10,22,25,33,82.52,107.853,0.525,0.17,1.0,0.541,0.361,0.83,0.902,0.519
20260510_SEA_CON,"Sunday, May 10, 2026",Connecticut Sun,Seattle Storm,CON,29-73,40,8-23,35,16-22,73,10,31,41,18,7,3,16,28,82,29,73,8,23,16,22,88.68,92.467,0.452,0.18,1.125,0.301,0.315,0.82,0.548,0.621
20260510_NY_WSH,"Sunday, May 10, 2026",New York Liberty,Washington Mystics,NY,33-69,48,9-27,33,23-28,82,8,26,34,19,7,5,15,31,98,33,69,9,27,23,28,88.32,110.96,0.543,0.17,1.267,0.406,0.391,0.83,0.725,0.576
20260510_NY_WSH,"Sunday, May 10, 2026",Washington Mystics,New York Liberty,WSH,34-80,43,5-26,19,20-29,69,19,23,42,24,7,1,13,27,93,34,80,5,26,20,29,86.76,107.192,0.456,0.15,1.846,0.362,0.325,0.85,0.438,0.706
20260510_LV_LA,"Sunday, May 10, 2026",Las Vegas Aces,Los Angeles Sparks,LV,43-69,62,7-20,35,12-17,71,6,25,31,28,11,10,14,16,105,43,69,7,20,12,17,84.48,124.29,0.674,0.166,2.0,0.246,0.29,0.834,0.478,0.651
20260510_LV_LA,"Sunday, May 10, 2026",Los Angeles Sparks,Las Vegas Aces,LA,29-78,37,9-31,29,11-16,69,15,17,32,11,8,0,19,17,78,29,78,9,31,11,16,89.04,87.601,0.429,0.213,0.579,0.205,0.397,0.787,0.487,0.379
20260511_PHX_GS,"Monday, May 11, 2026",Phoenix Mercury,Golden State Valkyries,PHX,26-54,48,11-22,50,16-19,84,4,20,24,20,2,3,17,21,79,26,54,11,22,16,19,75.36,104.83,0.583,0.226,1.176,0.352,0.407,0.774,0.907,0.769
20260511_PHX_GS,"Monday, May 11, 2026",Golden State Valkyries,Phoenix Mercury,GS,33-67,49,13-33,39,16-18,89,6,24,30,25,10,4,9,21,95,33,67,13,33,16,18,77.92,121.92,0.59,0.116,2.778,0.269,0.493,0.884,0.821,0.758
20260513_ATL_DAL,"Wednesday, May 13, 2026",Atlanta Dream,Dallas Wings,ATL,26-69,38,9-33,27,16-17,94,11,33,44,13,5,3,9,18,77,26,69,9,33,16,17,74.48,103.383,0.442,0.121,1.444,0.246,0.478,0.879,0.623,0.5
20260513_ATL_DAL,"Wednesday, May 13, 2026",Dallas Wings,Atlanta Dream,DAL,28-73,38,4-26,15,12-14,86,7,27,34,15,3,4,8,17,72,28,73,4,26,12,14,80.16,89.82,0.411,0.1,1.875,0.192,0.356,0.9,0.329,0.536
20260513_MIN_PHX,"Wednesday, May 13, 2026",Minnesota Lynx,Phoenix Mercury,MIN,32-64,50,7-19,37,17-24,71,9,34,43,20,5,4,15,28,88,32,64,7,19,17,24,80.56,109.235,0.555,0.186,1.333,0.375,0.297,0.814,0.594,0.625
20260513_MIN_PHX,"Wednesday, May 13, 2026",Phoenix Mercury,Minnesota Lynx,PHX,26-71,37,9-29,31,23-33,70,9,22,31,20,11,4,11,22,84,26,71,9,29,23,33,87.52,95.978,0.43,0.126,1.818,0.465,0.408,0.874,0.704,0.769
20260513_NY_POR,"Wednesday, May 13, 2026",New York Liberty,Portland Fire,NY,33-62,53,13-28,46,17-18,94,8,23,31,23,7,3,18,16,96,33,62,13,28,17,18,79.92,120.12,0.637,0.225,1.278,0.29,0.452,0.775,0.903,0.697
20260513_NY_POR,"Wednesday, May 13, 2026",Portland Fire,New York Liberty,POR,34-68,50,15-33,45,15-15,100,8,18,26,15,8,4,13,21,98,34,68,15,33,15,15,79.6,123.116,0.61,0.163,1.154,0.221,0.485,0.837,0.882,0.441
20260513_SEA_TOR,"Wednesday, May 13, 2026",Seattle Storm,Toronto Tempo,SEA,27-58,47,7-20,35,12-17,71,3,25,28,18,6,5,19,21,73,27,58,7,20,12,17,81.48,89.593,0.526,0.233,0.947,0.293,0.345,0.767,0.569,0.667
20260513_SEA_TOR,"Wednesday, May 13, 2026",Toronto Tempo,Seattle Storm,TOR,30-69,43,11-29,38,15-18,83,9,24,33,21,11,4,12,17,86,30,69,11,29,15,18,79.92,107.608,0.514,0.15,1.75,0.261,0.42,0.85,0.696,0.7
20260514_LV_CON,"Thursday, May 14, 2026",Las Vegas Aces,Connecticut Sun,LV,39-72,54,5-16,31,15-21,71,12,34,46,21,9,6,15,19,98,39,72,5,16,15,21,84.24,116.334,0.576,0.178,1.4,0.292,0.222,0.822,0.417,0.538
20260514_LV_CON,"Thursday, May 14, 2026",Connecticut Sun,Las Vegas Aces,CON,23-70,33,3-13,23,20-24,83,8,21,29,16,6,3,13,20,69,23,70,3,13,20,24,85.56,80.645,0.35,0.152,1.231,0.343,0.186,0.848,0.414,0.696
20260514_CHI_GS,"Thursday, May 14, 2026",Chicago Sky,Golden State Valkyries,CHI,25-69,36,6-20,30,13-21,62,8,31,39,19,7,8,8,19,69,25,69,6,20,13,21,78.24,88.19,0.406,0.102,2.375,0.304,0.29,0.898,0.449,0.76
20260514_CHI_GS,"Thursday, May 14, 2026",Golden State Valkyries,Chicago Sky,GS,22-75,29,7-26,27,12-16,75,14,28,42,10,3,9,11,19,63,22,75,7,26,12,16,79.04,79.706,0.34,0.139,0.909,0.213,0.347,0.861,0.44,0.455
20260514_IND_LA,"Thursday, May 14, 2026",Indiana Fever,Los Angeles Sparks,IND,31-63,49,9-30,30,16-19,84,8,25,33,23,7,3,16,24,87,31,63,9,30,16,19,79.36,109.627,0.563,0.202,1.438,0.302,0.476,0.798,0.683,0.742
20260514_IND_LA,"Thursday, May 14, 2026",Los Angeles Sparks,Indiana Fever,LA,28-57,49,2-15,13,20-25,80,4,20,24,13,12,4,19,24,78,28,57,2,15,20,25,83.0,93.976,0.509,0.229,0.684,0.439,0.263,0.771,0.456,0.464
20260515_MIN_DAL,"Friday, May 15, 2026",Minnesota Lynx,Dallas Wings,MIN,35-58,60,6-13,46,14-18,78,6,25,31,20,6,7,16,19,90,35,58,6,13,14,18,75.92,118.546,0.655,0.211,1.25,0.31,0.224,0.789,0.552,0.571
20260515_MIN_DAL,"Friday, May 15, 2026",Dallas Wings,Minnesota Lynx,DAL,31-67,46,5-17,29,19-22,86,9,17,26,22,9,3,11,18,86,31,67,5,17,19,22,78.68,109.304,0.5,0.14,2.0,0.328,0.254,0.86,0.507,0.71
20260515_NY_POR,"Friday, May 15, 2026",New York Liberty,Portland Fire,NY,34-67,51,15-38,39,17-20,85,4,28,32,32,7,0,12,19,100,34,67,15,38,17,20,83.8,119.332,0.619,0.143,2.667,0.299,0.567,0.857,0.925,0.941
20260515_NY_POR,"Friday, May 15, 2026",Portland Fire,New York Liberty,POR,30-68,44,9-31,29,13-20,65,7,23,30,22,7,2,15,22,82,30,68,9,31,13,20,84.8,96.698,0.507,0.177,1.467,0.294,0.456,0.823,0.588,0.733
20260515_LV_CON,"Friday, May 15, 2026",Las Vegas Aces,Connecticut Sun,LV,35-58,60,6-13,46,25-32,78,3,25,28,24,6,6,17,18,101,35,58,6,13,25,32,86.08,117.333,0.655,0.197,1.412,0.552,0.224,0.803,0.741,0.686
20260515_LV_CON,"Friday, May 15, 2026",Connecticut Sun,Las Vegas Aces,CON,36-81,44,9-25,36,13-15,87,11,21,32,24,11,2,13,25,94,36,81,9,25,13,15,89.6,104.911,0.5,0.145,1.846,0.185,0.309,0.855,0.494,0.667
20260515_WSH_IND,"Friday, May 15, 2026",Washington Mystics,Indiana Fever,WSH,38-68,56,6-16,38,22-28,79,8,36,44,18,3,8,20,28,104,38,68,6,16,22,28,92.32,112.652,0.603,0.217,0.9,0.412,0.235,0.783,0.588,0.474
20260515_WSH_IND,"Friday, May 15, 2026",Indiana Fever,Washington Mystics,IND,36-92,39,17-42,40,13-19,68,11,18,29,23,13,4,11,25,102,36,92,17,42,13,19,100.36,101.634,0.484,0.11,2.091,0.207,0.457,0.89,0.696,0.639
20260516_TOR_LA,"Saturday, May 16, 2026",Toronto Tempo,Los Angeles Sparks,TOR,31-70,44,12-33,36,21-22,95,10,16,26,22,13,4,13,24,95,31,70,12,33,21,22,82.68,114.901,0.529,0.157,1.692,0.314,0.471,0.843,0.814,0.71
20260516_TOR_LA,"Saturday, May 16, 2026",Los Angeles Sparks,Toronto Tempo,LA,37-58,64,9-21,43,16-20,80,2,22,24,26,6,1,16,18,99,37,58,9,21,16,20,80.8,122.525,0.716,0.198,1.625,0.345,0.362,0.802,0.741,0.703
20260516_CHI_PHX,"Saturday, May 16, 2026",Chicago Sky,Phoenix Mercury,CHI,29-68,43,6-22,27,19-26,73,6,21,27,16,5,7,11,30,83,29,68,6,22,19,26,84.44,98.295,0.471,0.13,1.455,0.382,0.324,0.87,0.544,0.552
20260516_CHI_PHX,"Saturday, May 16, 2026",Phoenix Mercury,Chicago Sky,PHX,24-62,39,6-21,29,37-41,90,10,30,40,12,5,7,15,22,91,24,62,6,21,37,41,85.04,107.008,0.435,0.176,0.8,0.661,0.339,0.824,0.887,0.5
20260517_LV_ATL,"Sunday, May 17, 2026",Las Vegas Aces,Atlanta Dream,LV,31-73,42,10-27,37,13-17,76,6,32,38,21,5,8,13,23,85,31,73,10,27,13,17,87.48,97.165,0.493,0.149,1.615,0.233,0.37,0.851,0.589,0.677
20260517_LV_ATL,"Sunday, May 17, 2026",Atlanta Dream,Las Vegas Aces,ATL,27-73,37,5-23,22,25-37,68,11,34,45,15,9,5,13,23,84,27,73,5,23,25,37,91.28,92.025,0.404,0.142,1.154,0.507,0.315,0.858,0.548,0.556
20260517_SEA_IND,"Sunday, May 17, 2026",Seattle Storm,Indiana Fever,SEA,25-71,35,6-23,26,22-27,81,3,21,24,17,9,8,8,22,78,25,71,6,23,22,27,87.88,88.757,0.394,0.091,2.125,0.38,0.324,0.909,0.563,0.68
20260517_SEA_IND,"Sunday, May 17, 2026",Indiana Fever,Seattle Storm,IND,31-67,46,5-21,24,22-22,100,7,31,38,22,5,6,17,23,89,31,67,5,21,22,22,86.68,102.677,0.5,0.196,1.294,0.328,0.313,0.804,0.552,0.71
20260517_CHI_MIN,"Sunday, May 17, 2026",Chicago Sky,Minnesota Lynx,CHI,30-67,45,6-20,30,20-25,80,9,30,39,17,7,4,14,16,86,30,67,6,20,20,25,83.0,103.614,0.493,0.169,1.214,0.373,0.299,0.831,0.567,0.567
20260517_CHI_MIN,"Sunday, May 17, 2026",Minnesota Lynx,Chicago Sky,MIN,32-73,44,7-22,32,8-12,67,8,27,35,20,10,3,15,21,79,32,73,7,22,8,12,85.28,92.636,0.486,0.176,1.333,0.164,0.301,0.824,0.397,0.625
20260517_TOR_LA,"Sunday, May 17, 2026",Toronto Tempo,Los Angeles Sparks,TOR,29-61,48,9-24,38,39-42,93,9,16,25,17,8,3,12,27,106,29,61,9,24,39,42,82.48,128.516,0.549,0.145,1.417,0.689,0.393,0.855,1.082,0.586
20260517_TOR_LA,"Sunday, May 17, 2026",Los Angeles Sparks,Toronto Tempo,LA,33-64,52,7-23,30,23-30,77,9,17,26,26,6,3,13,32,96,33,64,7,23,23,30,81.2,118.227,0.57,0.16,2.0,0.469,0.359,0.84,0.688,0.788
20260519_WSH_DAL,"Tuesday, May 19, 2026",Washington Mystics,Dallas Wings,WSH,24-49,49,5-12,42,16-20,80,2,22,24,16,3,1,18,17,69,24,49,5,12,16,20,73.8,93.496,0.541,0.244,0.889,0.408,0.245,0.756,0.633,0.667
20260519_WSH_DAL,"Tuesday, May 19, 2026",Dallas Wings,Washington Mystics,DAL,33-70,47,11-24,46,15-17,88,11,20,31,30,10,1,8,20,92,33,70,11,24,15,17,74.48,123.523,0.55,0.107,3.75,0.243,0.343,0.893,0.686,0.909
20260519_CON_POR,"Tuesday, May 19, 2026",Connecticut Sun,Portland Fire,CON,32-63,51,7-20,35,11-20,55,10,22,32,23,9,6,17,25,82,32,63,7,20,11,20,78.8,104.061,0.563,0.216,1.353,0.317,0.317,0.784,0.508,0.719
20260519_CON_POR,"Tuesday, May 19, 2026",Portland Fire,Connecticut Sun,POR,28-62,45,7-22,32,20-26,77,7,20,27,23,11,3,15,23,83,28,62,7,22,20,26,81.44,101.916,0.508,0.184,1.533,0.419,0.355,0.816,0.661,0.821
20260520_TOR_PHX,"Wednesday, May 20, 2026",Toronto Tempo,Phoenix Mercury,TOR,34-74,46,15-36,42,15-18,83,8,27,35,15,4,2,11,26,98,34,74,15,36,15,18,84.92,115.403,0.561,0.13,1.364,0.243,0.486,0.87,0.811,0.441
20260520_TOR_PHX,"Wednesday, May 20, 2026",Phoenix Mercury,Toronto Tempo,PHX,32-70,46,4-22,18,22-28,79,8,24,32,20,6,1,9,17,90,32,70,4,22,22,28,83.32,108.017,0.486,0.108,2.222,0.4,0.314,0.892,0.486,0.625
20260520_POR_IND,"Wednesday, May 20, 2026",Portland Fire,Indiana Fever,POR,27-62,44,3-16,19,16-17,94,3,25,28,9,8,3,12,26,73,27,62,3,16,16,17,78.48,93.017,0.46,0.153,0.75,0.274,0.258,0.847,0.403,0.333
20260520_POR_IND,"Wednesday, May 20, 2026",Indiana Fever,Portland Fire,IND,28-62,45,9-28,32,25-29,86,5,31,36,21,6,5,14,21,90,28,62,9,28,25,29,83.76,107.45,0.524,0.167,1.5,0.468,0.452,0.833,0.839,0.75
20260521_DAL_CHI,"Thursday, May 21, 2026",Dallas Wings,Chicago Sky,DAL,36-72,50,9-21,43,18-23,78,9,27,36,28,5,1,8,20,99,36,72,9,21,18,23,81.12,122.041,0.562,0.099,3.5,0.319,0.292,0.901,0.625,0.778
20260521_DAL_CHI,"Thursday, May 21, 2026",Chicago Sky,Dallas Wings,CHI,32-67,48,5-21,24,20-24,83,6,24,30,20,4,5,9,23,89,32,67,5,21,20,24,80.56,110.477,0.515,0.112,2.222,0.358,0.313,0.888,0.522,0.625
20260521_CON_SEA,"Thursday, May 21, 2026",Connecticut Sun,Seattle Storm,CON,32-72,44,5-20,25,11-17,65,11,27,38,14,10,3,11,19,80,32,72,5,20,11,17,79.48,100.654,0.479,0.138,1.273,0.236,0.278,0.862,0.361,0.438
20260521_CON_SEA,"Thursday, May 21, 2026",Seattle Storm,Connecticut Sun,SEA,25-63,40,6-23,26,22-25,88,5,21,26,15,8,6,14,15,78,25,63,6,23,22,25,83.0,93.976,0.444,0.169,1.071,0.397,0.365,0.831,0.635,0.6
20260522_GS_NY,"Friday, May 22, 2026",Golden State Valkyries,New York Liberty,GS,28-71,39,13-35,37,18-25,72,9,27,36,18,5,3,5,17,87,28,71,13,35,18,25,78.0,111.538,0.486,0.064,3.6,0.352,0.493,0.936,0.803,0.643
20260522_GS_NY,"Friday, May 22, 2026",New York Liberty,Golden State Valkyries,NY,26-62,42,6-24,25,12-16,75,6,31,37,20,2,4,14,22,70,26,62,6,24,12,16,77.04,90.862,0.468,0.182,1.429,0.258,0.387,0.818,0.484,0.769
20260522_TOR_MIN,"Friday, May 22, 2026",Toronto Tempo,Minnesota Lynx,TOR,24-71,34,12-41,29,12-14,86,9,16,25,19,5,3,13,23,72,24,71,12,41,12,14,81.16,88.714,0.423,0.16,1.462,0.197,0.577,0.84,0.676,0.792
20260522_TOR_MIN,"Friday, May 22, 2026",Minnesota Lynx,Toronto Tempo,MIN,38-69,55,10-24,42,14-21,67,15,31,46,24,7,3,14,14,100,38,69,10,24,14,21,77.24,129.467,0.623,0.181,1.714,0.304,0.348,0.819,0.638,0.632
20260522_LA_PHX,"Friday, May 22, 2026",Los Angeles Sparks,Phoenix Mercury,LA,31-64,48,15-32,47,20-22,91,7,24,31,23,8,4,17,25,97,31,64,15,32,20,22,83.68,115.918,0.602,0.203,1.353,0.344,0.5,0.797,1.016,0.742
20260522_LA_PHX,"Friday, May 22, 2026",Phoenix Mercury,Los Angeles Sparks,PHX,29-69,42,8-25,32,22-29,76,11,22,33,17,9,2,13,24,88,29,69,8,25,22,29,83.76,105.062,0.478,0.155,1.308,0.42,0.362,0.845,0.667,0.586
20260522_DAL_ATL,"Friday, May 22, 2026",Dallas Wings,Atlanta Dream,DAL,28-74,38,7-28,25,6-12,50,10,16,26,21,9,8,14,18,69,28,74,7,28,6,12,83.28,82.853,0.426,0.168,1.5,0.162,0.378,0.832,0.365,0.75
20260522_DAL_ATL,"Friday, May 22, 2026",Atlanta Dream,Dallas Wings,ATL,34-62,55,6-15,40,12-13,92,5,30,35,22,6,4,17,12,86,34,62,6,15,12,13,79.72,107.878,0.597,0.213,1.294,0.21,0.242,0.787,0.484,0.647
20260522_GS_IND,"Friday, May 22, 2026",Golden State Valkyries,Indiana Fever,GS,26-70,37,7-22,32,23-27,85,10,18,28,11,9,3,14,24,82,26,70,7,22,23,27,85.88,95.482,0.421,0.163,0.786,0.386,0.314,0.837,0.629,0.423
20260522_GS_IND,"Friday, May 22, 2026",Indiana Fever,Golden State Valkyries,IND,29-63,46,10-26,38,22-29,76,8,26,34,22,7,2,18,26,90,29,63,10,26,22,29,85.76,104.944,0.54,0.21,1.222,0.46,0.413,0.79,0.825,0.759
20260523_CON_SEA,"Saturday, May 23, 2026",Connecticut Sun,Seattle Storm,CON,23-62,37,4-17,24,9-14,64,8,25,33,15,9,3,12,18,59,23,62,4,17,9,14,72.16,81.763,0.403,0.166,1.25,0.226,0.274,0.834,0.339,0.652
20260523_CON_SEA,"Saturday, May 23, 2026",Seattle Storm,Connecticut Sun,SEA,28-60,47,8-21,38,13-17,76,6,32,38,22,7,7,15,18,77,28,60,8,21,13,17,76.48,100.68,0.533,0.196,1.467,0.283,0.35,0.804,0.617,0.786
20260523_MIN_CHI,"Saturday, May 23, 2026",Minnesota Lynx,Chicago Sky,MIN,32-74,43,4-16,25,17-21,81,13,41,54,19,7,7,19,24,85,32,74,4,16,17,21,89.24,95.249,0.459,0.213,1.0,0.284,0.216,0.787,0.392,0.594
20260523_MIN_CHI,"Saturday, May 23, 2026",Chicago Sky,Minnesota Lynx,CHI,23-73,32,6-29,21,23-30,77,7,21,28,14,11,2,11,22,75,23,73,6,29,23,30,90.2,83.149,0.356,0.122,1.273,0.411,0.397,0.878,0.562,0.609
20260523_POR_TOR,"Saturday, May 23, 2026",Portland Fire,Toronto Tempo,POR,35-70,50,11-23,48,18-21,86,10,23,33,24,7,7,14,22,99,35,70,11,23,18,21,83.24,118.933,0.579,0.168,1.714,0.3,0.329,0.832,0.729,0.686
20260523_POR_TOR,"Saturday, May 23, 2026",Toronto Tempo,Portland Fire,TOR,30-66,45,6-25,24,14-18,78,10,19,29,19,3,4,17,21,80,30,66,6,25,14,18,80.92,98.863,0.5,0.21,1.118,0.273,0.379,0.79,0.485,0.633
20260524_LA_LV,"Sunday, May 24, 2026",Los Angeles Sparks,Las Vegas Aces,LA,37-67,55,14-29,48,13-15,87,4,26,30,26,8,1,17,24,101,37,67,14,29,13,15,86.6,116.628,0.657,0.196,1.529,0.224,0.433,0.804,0.821,0.703
20260524_LA_LV,"Sunday, May 24, 2026",Las Vegas Aces,Los Angeles Sparks,LV,34-76,45,10-29,34,17-21,81,13,23,36,21,6,9,14,20,95,34,76,10,29,17,21,86.24,110.158,0.513,0.162,1.5,0.276,0.382,0.838,0.618,0.618
20260524_PHX_ATL,"Sunday, May 24, 2026",Phoenix Mercury,Atlanta Dream,PHX,29-66,44,4-21,19,18-19,95,9,27,36,14,8,6,15,19,80,29,66,4,21,18,19,80.36,99.552,0.47,0.187,0.933,0.288,0.318,0.813,0.455,0.483
20260524_PHX_ATL,"Sunday, May 24, 2026",Atlanta Dream,Phoenix Mercury,ATL,30-68,44,11-26,42,11-21,52,12,26,38,22,9,3,14,16,82,30,68,11,26,11,21,79.24,103.483,0.522,0.177,1.571,0.309,0.382,0.823,0.647,0.733
20260524_DAL_NY,"Sunday, May 24, 2026",Dallas Wings,New York Liberty,DAL,30-65,46,15-35,43,16-19,84,6,28,34,22,6,5,8,16,91,30,65,15,35,16,19,75.36,120.754,0.577,0.106,2.75,0.292,0.538,0.894,0.938,0.733
20260524_DAL_NY,"Sunday, May 24, 2026",New York Liberty,Dallas Wings,NY,28-72,39,8-26,31,12-14,86,10,24,34,21,4,0,9,18,76,28,72,8,26,12,14,77.16,98.497,0.444,0.117,2.333,0.194,0.361,0.883,0.5,0.75
20260524_WSH_SEA,"Sunday, May 24, 2026",Washington Mystics,Seattle Storm,WSH,23-57,40,4-20,20,35-41,85,6,20,26,14,9,5,13,26,85,23,57,4,20,35,41,82.04,103.608,0.439,0.158,1.077,0.719,0.351,0.842,0.825,0.609
20260524_WSH_SEA,"Sunday, May 24, 2026",Seattle Storm,Washington Mystics,SEA,26-59,44,13-28,46,32-34,94,3,21,24,20,10,3,14,28,97,26,59,13,28,32,34,84.96,114.171,0.551,0.165,1.429,0.576,0.475,0.835,1.203,0.769
20260526_POR_NY,"Tuesday, May 26, 2026",Portland Fire,New York Liberty,POR,31-75,41,9-26,35,10-14,71,8,21,29,18,12,6,12,22,81,31,75,9,26,10,14,85.16,95.115,0.473,0.141,1.5,0.187,0.347,0.859,0.493,0.581
20260526_POR_NY,"Tuesday, May 26, 2026",New York Liberty,Portland Fire,NY,21-52,40,8-24,33,24-26,92,4,23,27,17,8,8,19,20,74,21,52,8,24,24,26,78.44,94.34,0.481,0.242,0.895,0.5,0.462,0.758,0.923,0.81
20260526_CON_GS,"Tuesday, May 26, 2026",Connecticut Sun,Golden State Valkyries,CON,22-57,39,6-18,33,20-28,71,8,24,32,13,10,4,18,26,70,22,57,6,18,20,28,79.32,88.25,0.439,0.227,0.722,0.491,0.316,0.773,0.667,0.591
20260526_CON_GS,"Tuesday, May 26, 2026",Golden State Valkyries,Connecticut Sun,GS,34-73,47,13-33,39,16-23,70,11,24,35,24,7,2,12,25,97,34,73,13,33,16,23,84.12,115.311,0.555,0.143,2.0,0.315,0.452,0.857,0.753,0.706
20260527_PHX_NY,"Wednesday, May 27, 2026",Phoenix Mercury,New York Liberty,PHX,25-59,42,10-30,33,14-22,64,7,25,32,19,7,5,16,21,74,25,59,10,30,14,22,77.68,95.263,0.508,0.206,1.188,0.373,0.508,0.794,0.746,0.76
20260527_PHX_NY,"Wednesday, May 27, 2026",New York Liberty,Phoenix Mercury,NY,28-67,42,14-30,47,14-14,100,6,26,32,19,9,2,11,20,84,28,67,14,30,14,14,78.16,107.472,0.522,0.141,1.727,0.209,0.448,0.859,0.836,0.679
20260528_TOR_CHI,"Thursday, May 28, 2026",Toronto Tempo,Chicago Sky,TOR,37-66,56,12-26,46,25-30,83,10,27,37,22,6,4,13,25,111,37,66,12,26,25,30,82.2,135.036,0.652,0.158,1.692,0.455,0.394,0.842,0.924,0.595
20260528_TOR_CHI,"Thursday, May 28, 2026",Chicago Sky,Toronto Tempo,CHI,36-75,48,7-31,23,25-29,86,9,18,27,31,7,3,9,24,104,36,75,7,31,25,29,87.76,118.505,0.527,0.103,3.444,0.387,0.413,0.897,0.613,0.861
20260528_ATL_MIN,"Thursday, May 28, 2026",Atlanta Dream,Minnesota Lynx,ATL,29-65,45,11-31,35,12-16,75,10,17,27,23,5,2,16,10,81,29,65,11,31,12,16,78.04,103.793,0.531,0.205,1.438,0.246,0.477,0.795,0.692,0.793
20260528_ATL_MIN,"Thursday, May 28, 2026",Minnesota Lynx,Atlanta Dream,MIN,40-67,60,7-19,37,9-10,90,5,19,24,26,10,2,14,16,96,40,67,7,19,9,10,80.4,119.403,0.649,0.174,1.857,0.149,0.284,0.826,0.448,0.65
20260528_CON_POR,"Thursday, May 28, 2026",Connecticut Sun,Portland Fire,CON,24-62,39,1-21,5,12-22,55,14,19,33,17,9,3,17,22,61,24,62,1,21,12,22,74.68,81.682,0.395,0.228,1.0,0.355,0.339,0.772,0.242,0.708
20260528_CON_POR,"Thursday, May 28, 2026",Portland Fire,Connecticut Sun,POR,24-52,46,7-22,32,16-24,67,6,20,26,16,10,3,19,21,71,24,52,7,22,16,24,75.56,93.965,0.529,0.251,0.842,0.462,0.423,0.749,0.712,0.667
20260528_WSH_SEA,"Thursday, May 28, 2026",Washington Mystics,Seattle Storm,WSH,28-66,42,7-21,33,15-16,94,13,27,40,19,4,2,12,22,78,28,66,7,21,15,16,72.04,108.273,0.477,0.167,1.583,0.242,0.318,0.833,0.545,0.679
20260528_WSH_SEA,"Thursday, May 28, 2026",Seattle Storm,Washington Mystics,SEA,22-63,35,5-23,22,15-19,79,12,19,31,14,7,3,11,21,64,22,63,5,23,15,19,70.36,90.961,0.389,0.156,1.273,0.302,0.365,0.844,0.476,0.636
20260529_LV_DAL,"Friday, May 29, 2026",Las Vegas Aces,Dallas Wings,LV,36-82,44,8-20,40,7-12,58,8,25,33,21,5,3,5,15,87,36,82,8,20,7,12,84.28,103.227,0.488,0.059,4.2,0.146,0.244,0.941,0.378,0.583
20260529_LV_DAL,"Friday, May 29, 2026",Dallas Wings,Las Vegas Aces,DAL,33-67,49,10-22,45,19-22,86,8,31,39,23,1,5,10,16,95,33,67,10,22,19,22,78.68,120.742,0.567,0.127,2.3,0.328,0.328,0.873,0.731,0.697
20260529_IND_GS,"Friday, May 29, 2026",Indiana Fever,Golden State Valkyries,IND,30-73,41,9-28,32,19-21,90,7,27,34,22,7,5,11,25,88,30,73,9,28,19,21,86.24,102.041,0.473,0.128,2.0,0.288,0.384,0.872,0.63,0.733
20260529_IND_GS,"Friday, May 29, 2026",Golden State Valkyries,Indiana Fever,GS,31-68,46,8-21,38,20-28,71,8,29,37,24,5,11,11,21,90,31,68,8,21,20,28,83.32,108.017,0.515,0.132,2.182,0.412,0.309,0.868,0.647,0.774
20260529_PHX_NY,"Friday, May 29, 2026",Phoenix Mercury,New York Liberty,PHX,21-62,34,6-24,25,20-22,91,3,20,23,14,11,3,9,20,68,21,62,6,24,20,22,77.68,87.539,0.387,0.116,1.556,0.355,0.387,0.884,0.613,0.667
20260529_PHX_NY,"Friday, May 29, 2026",New York Liberty,Phoenix Mercury,NY,26-60,43,8-25,32,15-17,88,7,33,40,18,5,5,16,21,75,26,60,8,25,15,17,76.48,98.065,0.5,0.209,1.125,0.283,0.417,0.791,0.65,0.692
20260529_LA_WSH,"Friday, May 29, 2026",Los Angeles Sparks,Washington Mystics,LA,33-66,50,6-20,30,20-28,71,9,20,29,23,8,2,14,24,92,33,66,6,20,20,28,83.32,110.418,0.545,0.168,1.643,0.424,0.303,0.832,0.576,0.697
20260529_LA_WSH,"Friday, May 29, 2026",Washington Mystics,Los Angeles Sparks,WSH,31-61,51,5-22,23,20-29,69,7,24,31,26,4,4,15,27,87,31,61,5,22,20,29,81.76,106.409,0.549,0.183,1.733,0.475,0.361,0.817,0.574,0.839
20260529_MIN_CHI,"Friday, May 29, 2026",Minnesota Lynx,Chicago Sky,MIN,28-71,39,8-28,29,15-18,83,6,37,43,20,13,7,14,17,79,28,71,8,28,15,18,86.92,90.888,0.451,0.161,1.429,0.254,0.394,0.839,0.549,0.714
20260529_MIN_CHI,"Friday, May 29, 2026",Chicago Sky,Minnesota Lynx,CHI,20-70,29,5-30,17,13-18,72,9,32,41,15,6,6,17,19,58,20,70,5,30,13,18,85.92,67.505,0.321,0.198,0.882,0.257,0.429,0.802,0.4,0.75
20260530_ATL_POR,"Saturday, May 30, 2026",Atlanta Dream,Portland Fire,ATL,30-68,44,9-30,30,17-20,85,12,17,29,22,16,1,15,14,86,30,68,9,30,17,20,79.8,107.769,0.507,0.188,1.467,0.294,0.441,0.812,0.647,0.733
20260530_ATL_POR,"Saturday, May 30, 2026",Portland Fire,Atlanta Dream,POR,25-56,45,9-27,33,7-8,88,6,17,23,18,4,4,28,22,66,25,56,9,27,7,8,81.52,80.962,0.527,0.343,0.643,0.143,0.482,0.657,0.607,0.72
20260530_SEA_TOR,"Saturday, May 30, 2026",Seattle Storm,Toronto Tempo,SEA,29-71,41,7-27,26,7-8,88,9,23,32,21,7,4,17,20,72,29,71,7,27,7,8,82.52,87.252,0.458,0.206,1.235,0.113,0.38,0.794,0.394,0.724
20260530_SEA_TOR,"Saturday, May 30, 2026",Toronto Tempo,Seattle Storm,TOR,26-59,44,10-29,34,31-33,94,6,28,34,14,12,1,12,13,93,26,59,10,29,31,33,79.52,116.952,0.525,0.151,1.167,0.559,0.492,0.849,1.034,0.538
20260530_LA_CON,"Saturday, May 30, 2026",Los Angeles Sparks,Connecticut Sun,LA,27-66,41,8-25,32,19-26,73,11,18,29,16,9,7,16,24,81,27,66,8,25,19,26,82.44,98.253,0.47,0.194,1.0,0.394,0.379,0.806,0.652,0.593
20260530_LA_CON,"Saturday, May 30, 2026",Connecticut Sun,Los Angeles Sparks,CON,28-67,42,6-22,27,22-31,71,12,25,37,18,11,9,16,29,84,28,67,6,22,22,31,84.64,99.244,0.463,0.189,1.125,0.463,0.328,0.811,0.597,0.643
20260531_IND_POR,"Sunday, May 31, 2026",Indiana Fever,Portland Fire,IND,24-58,41,5-22,23,31-35,89,9,17,26,21,6,3,17,24,84,24,58,5,22,31,35,81.4,103.194,0.457,0.209,1.235,0.603,0.379,0.791,0.793,0.875
20260531_IND_POR,"Sunday, May 31, 2026",Portland Fire,Indiana Fever,POR,36-70,51,9-23,39,19-20,95,8,17,25,26,8,5,11,26,100,36,70,9,23,19,20,81.8,122.249,0.579,0.134,2.364,0.286,0.329,0.866,0.657,0.722
20260531_LV_GS,"Sunday, May 31, 2026",Las Vegas Aces,Golden State Valkyries,LV,33-69,48,8-22,36,17-21,81,12,33,45,26,5,8,15,18,91,33,69,8,22,17,21,81.24,112.014,0.536,0.185,1.733,0.304,0.319,0.815,0.594,0.788
20260531_LV_GS,"Sunday, May 31, 2026",Golden State Valkyries,Las Vegas Aces,GS,25-74,34,16-35,46,15-17,88,9,24,33,16,9,0,12,21,81,25,74,16,35,15,17,84.48,95.881,0.446,0.142,1.333,0.23,0.473,0.858,0.851,0.64
