player,team,position,pts,reb,ast,stl,blk,to,fgm,fga,3pm,3pa,ftm,fta,player_shot_value,player_offensive_flow,assist_turnover_ratio
A'ja Wilson,Las Vegas Aces,C,25.872,9.256,3.154,1.41,1.974,2.436,9.051,17.179,0.923,2.308,6.846,8.026,0.601,0.358,52.802
Aaliyah Edwards,Connecticut Sun,F,10.963,4.37,0.926,0.704,0.333,1.593,4.259,8.0,0.222,0.519,2.222,3.0,0.353,0.266,74.503
Aaliyah Nye,Atlanta Dream,G,0.737,0.158,0.158,0.053,0.053,0.105,0.211,0.632,0.158,0.474,0.158,0.158,0.714,0.25,157.737
Aaliyah Nye,Los Angeles Sparks,G,6.0,3.0,1.0,0.0,0.0,1.0,2.0,5.0,2.0,4.0,0.0,0.0,1.2,0.5,1.0
Aaliyah Nye,Toronto Tempo,G,5.0,3.0,2.0,1.0,0.0,1.0,1.0,5.0,1.0,5.0,2.0,3.0,1.0,2.0,2.0
Aicha Coulibaly,Chicago Sky,G,4.966,2.724,0.586,0.69,0.241,0.759,1.552,3.586,0.034,0.724,1.828,2.069,0.585,0.347,206.948
Alanna Smith,Dallas Wings,F,6.176,4.029,1.147,0.706,0.441,1.294,2.382,5.059,0.618,2.118,0.794,1.147,0.62,0.619,59.297
Alex Fowler,New York Liberty,F,4.0,0.667,0.333,1.333,0.0,1.333,1.333,4.333,0.667,3.0,0.667,0.667,0.381,0.25,0.111
Alex Wilson,Washington Mystics,G,3.0,1.75,0.75,0.0,0.25,0.5,1.0,3.75,0.5,2.75,0.5,0.75,0.444,0.667,250.0
Alicia Florez,Washington Mystics,G,3.438,1.438,1.969,0.625,0.156,1.156,1.25,3.656,0.25,1.375,0.688,1.25,0.388,1.291,281.651
Alissa Pili,Los Angeles Sparks,F,2.0,2.2,0.8,0.2,0.0,0.8,0.8,2.4,0.4,0.8,0.0,0.4,0.375,0.5,200.2
Aliyah Boston,Indiana Fever,C,16.568,8.054,3.081,1.459,1.27,2.297,6.324,11.973,1.081,2.649,2.838,3.432,0.542,0.555,109.491
Allisha Gray,Atlanta Dream,G,18.69,3.405,2.571,1.262,0.357,1.524,6.286,13.714,1.786,5.429,4.333,5.452,0.768,0.541,143.998
Alysha Clark,Dallas Wings,F,2.7,1.733,0.7,0.3,0.167,0.567,0.833,1.867,0.433,1.133,0.6,0.9,0.955,0.542,299.922
Alyssa Thomas,Phoenix Mercury,F,14.333,7.692,8.359,1.385,0.436,3.564,5.462,10.564,0.026,0.077,3.385,4.897,0.358,2.088,2.985
Amy Okonkwo,Atlanta Dream,F,1.0,1.0,0.0,0.0,0.0,0.0,0.0,1.0,0.0,1.0,1.0,2.0,1.0,,0.0
Amy Okonkwo,Dallas Wings,F,4.0,2.5,0.0,1.0,0.0,1.5,1.0,3.5,0.5,2.5,1.5,1.5,0.6,0.0,0.0
Amy Okonkwo,Portland Fire,F,6.25,1.25,0.25,1.25,0.0,0.5,2.25,5.25,1.25,3.5,0.5,0.5,0.878,0.25,249.75
Anastasiia Olairi Kosu,Minnesota Lynx,F,3.806,2.065,0.645,0.548,0.387,0.613,1.355,2.774,0.065,0.097,1.032,1.194,0.435,0.529,193.591
Aneesah Morrow,Connecticut Sun,F,11.381,8.857,1.571,0.952,0.429,1.667,4.524,10.81,0.905,3.286,1.429,2.333,0.368,0.356,48.556
Aneesah Morrow,Toronto Tempo,F,9.286,6.571,0.857,0.714,0.571,1.143,3.286,7.714,0.571,2.429,2.143,3.143,0.528,0.464,143.214
Angel Reese,Atlanta Dream,F,16.293,12.171,2.707,1.805,0.683,3.146,5.732,12.854,0.244,1.244,4.585,6.244,0.458,0.603,1.099
Angela Dugalic,Washington Mystics,F,2.944,2.5,0.667,0.417,0.222,0.694,1.167,2.722,0.139,1.0,0.472,0.694,0.32,0.535,222.292
Anneli Maley,New York Liberty,F,2.25,1.875,0.375,0.625,0.125,0.25,0.5,2.25,0.25,1.0,1.0,1.0,0.4,0.167,125.0
Anneli Maley,Phoenix Mercury,F,0.5,1.0,0.0,0.0,0.0,0.0,0.0,1.0,0.0,0.0,0.5,1.0,0.5,,0.0
Antonia Delaere,Minnesota Lynx,F,2.868,0.737,1.105,0.421,0.0,0.368,1.0,2.263,0.658,1.5,0.211,0.211,0.746,1.046,394.684
Ariel Atkins,Los Angeles Sparks,G,8.275,2.85,2.875,1.65,0.4,1.475,2.9,7.825,1.15,4.075,1.325,1.45,0.608,1.121,201.319
Arike Ogunbowale,Dallas Wings,G,15.122,3.098,3.195,1.0,0.049,1.61,4.927,12.317,1.756,5.341,3.512,3.951,0.693,0.816,196.335
Ashlon Jackson,Connecticut Sun,G,2.5,1.188,0.688,0.5,0.062,0.375,1.0,3.188,0.5,2.312,0.0,0.125,0.41,0.407,312.375
Ashten Prechtel,Golden State Valkyries,F,2.2,2.0,0.6,0.2,0.8,1.4,0.6,1.6,0.4,1.0,0.6,0.6,1.1,0.0,0.267
Aubrey Griffin,Minnesota Lynx,F,,,,,,,,,,,,,,,
Aubrey Griffin,New York Liberty,F,0.5,0.25,0.0,0.0,0.0,0.25,0.25,0.25,0.0,0.0,0.0,0.0,0.0,0.0,0.0
Awa Fam,Seattle Storm,C,9.829,5.657,1.743,0.829,0.771,1.543,3.771,8.4,1.429,4.029,0.857,1.029,0.655,0.553,115.007
Awak Kuier,Dallas Wings,F,5.947,3.842,1.0,0.526,1.658,1.0,2.211,4.553,0.658,1.921,0.868,1.211,0.763,0.494,210.794
Aziaha James,Dallas Wings,G,6.842,2.526,1.289,0.947,0.263,0.868,2.421,6.079,0.447,1.842,1.553,2.079,0.492,0.541,210.972
Azura Stevens,Chicago Sky,F,10.594,6.406,2.094,0.844,0.75,1.625,4.031,9.469,0.875,3.438,1.656,2.125,0.432,0.662,95.057
Azzi Fudd,Dallas Wings,G,12.781,1.625,1.781,1.625,0.781,1.062,5.062,11.219,1.969,5.094,0.688,0.844,0.598,0.399,281.786
Betnijah Laney-Hamilton,New York Liberty,G,4.706,1.882,1.529,0.294,0.176,1.529,1.471,4.059,0.529,2.176,1.235,1.529,0.51,0.517,294.314
Betnijah Laney-Hamilton,Washington Mystics,G,4.6,2.0,2.7,0.5,0.1,0.9,1.6,3.8,0.5,1.6,0.9,1.1,0.618,1.524,301.6
Breanna Stewart,New York Liberty,F,20.146,8.122,3.195,1.293,1.341,2.049,6.878,14.756,0.707,2.878,5.683,6.732,0.545,0.518,99.242
Bree Hall,Indiana Fever,G,2.0,0.25,0.0,0.0,0.0,0.0,0.75,1.5,0.5,0.5,0.0,0.5,1.8,0.0,0.0
Brianna Turner,Las Vegas Aces,F,1.55,2.2,0.2,0.25,0.5,0.625,0.75,1.325,0.0,0.0,0.05,0.05,0.0,0.162,75.033
Bridget Carleton,Portland Fire,F,14.15,4.4,2.125,1.55,0.425,1.2,4.725,11.7,2.675,7.325,2.025,2.35,0.863,0.626,250.829
Brionna Jones,Atlanta Dream,F,8.222,5.556,2.0,0.333,0.667,1.0,3.0,5.778,0.111,0.667,2.111,2.333,0.466,0.825,444.241
Brittney Griner,Connecticut Sun,C,13.368,5.737,2.421,0.474,1.684,1.684,5.474,10.158,0.158,0.316,2.263,3.368,0.277,0.508,54.035
Brittney Sykes,Toronto Tempo,G,18.0,3.333,3.167,1.167,0.444,2.167,5.833,14.056,0.889,3.611,5.444,6.056,0.509,0.665,167.786
Caitlin Clark,Indiana Fever,G,22.158,3.763,8.158,0.974,0.474,4.474,7.0,15.211,2.895,7.632,5.263,6.289,1.004,1.387,2.251
Cameron Brink,Los Angeles Sparks,F,9.25,4.969,1.438,0.656,1.75,2.469,3.188,6.938,0.875,2.812,2.0,2.594,0.705,0.555,63.193
Carla Leite,Portland Fire,G,15.784,2.081,6.243,0.676,0.054,3.351,4.784,10.351,0.946,2.324,5.27,6.027,0.851,1.65,83.215
Cassandre Prosper,Washington Mystics,G,2.216,1.108,0.459,0.27,0.081,0.595,0.865,2.784,0.216,1.135,0.27,0.541,0.39,0.588,135.243
Cecilia Zandalasini,Golden State Valkyries,F,8.829,2.171,1.771,0.857,0.171,1.371,3.257,8.2,1.343,4.114,0.971,1.171,0.577,0.715,172.402
Chance Gray,Los Angeles Sparks,G,3.026,1.132,1.0,0.184,0.0,0.605,0.947,2.553,0.658,1.895,0.474,0.579,0.864,0.667,315.882
Charisma Osborne,Portland Fire,G,,,,,,,,,,,,,,,
Charlisse Leger-Walker,Connecticut Sun,G,6.976,2.31,3.548,0.786,0.238,1.833,2.476,6.643,0.952,2.881,1.071,1.381,0.598,1.587,215.529
Chelsea Gray,Las Vegas Aces,G,11.69,3.238,6.714,1.286,0.333,2.738,4.286,10.0,1.714,4.69,1.405,1.5,0.648,1.995,27.084
Chennedy Carter,Las Vegas Aces,G,12.133,1.733,1.467,0.867,0.4,1.2,4.6,8.067,0.733,1.667,2.2,2.933,0.904,0.383,200.478
Cheyenne Parker-Tyus,Las Vegas Aces,F,5.5,3.167,0.633,0.4,0.633,0.6,1.833,3.467,0.233,0.567,1.6,2.067,0.612,0.457,200.078
Chloe Bibby,Chicago Sky,F,5.5,0.5,1.5,0.5,0.25,0.5,2.0,5.0,1.0,3.0,0.5,0.5,0.396,0.733,499.5
Chloe Bibby,Minnesota Lynx,F,2.333,0.667,0.0,0.0,0.667,1.333,1.0,2.333,0.333,1.667,0.0,0.0,0.333,0.0,0.0
Chloe Bibby,Portland Fire,F,0.0,1.0,0.0,0.0,0.0,0.0,0.0,1.0,0.0,0.0,0.0,0.0,0.0,,0.0
Christeen Iwuala,Washington Mystics,F,2.0,1.0,1.0,0.0,0.0,0.0,1.0,3.0,0.0,0.0,0.0,0.0,0.0,1.0,999.0
Christyn Williams,Dallas Wings,G,0.5,1.0,0.5,0.0,0.5,0.0,0.0,2.0,0.0,0.5,0.5,1.0,0.25,,499.5
Costanza Verona,Dallas Wings,G,1.333,0.0,0.667,0.333,0.0,0.0,0.667,2.0,0.0,0.0,0.0,0.0,0.0,1.0,333.0
Cotie McMahon,Washington Mystics,G,6.5,2.925,1.9,0.575,0.15,1.025,2.175,5.475,0.55,1.925,1.6,2.6,0.681,0.87,275.806
Courtney Vandersloot,Chicago Sky,G,9.25,2.833,5.208,1.125,0.292,2.0,3.167,7.167,0.917,2.375,2.0,2.583,0.687,1.763,85.875
Courtney Williams,Minnesota Lynx,G,13.95,5.0,4.375,1.175,0.275,1.8,5.9,13.15,1.125,3.075,1.025,1.25,0.325,0.935,176.752
Damiris Dantas,Indiana Fever,C,4.5,2.0,0.571,0.214,0.143,1.0,1.429,3.714,0.786,2.429,0.857,1.071,1.115,0.193,0.31
Dana Evans,Las Vegas Aces,G,4.0,1.583,2.167,0.25,0.167,1.083,1.417,5.083,0.917,2.417,0.25,0.5,0.509,1.417,251.181
Darianna Littlepage-Buggs,Washington Mystics,G,2.0,0.6,0.2,0.0,0.2,0.2,0.8,1.2,0.4,0.4,0.0,0.0,0.833,0.25,0.2
DeWanna Bonner,Atlanta Dream,F,4.5,4.5,1.5,0.5,0.0,1.0,2.0,4.0,0.5,2.0,0.0,0.0,0.3,0.833,500.0
DeWanna Bonner,Phoenix Mercury,F,10.622,6.081,1.541,1.162,0.784,0.784,3.514,8.919,1.189,4.541,2.405,2.838,0.728,0.517,244.014
Dearica Hamby,Los Angeles Sparks,F,14.405,6.905,2.405,1.5,0.405,1.881,5.524,9.952,0.214,0.905,3.143,4.571,0.435,0.461,167.692
Derin Erdogan,New York Liberty,G,7.0,0.0,1.0,0.0,0.0,1.0,3.0,8.0,1.0,3.0,0.0,0.0,0.375,0.333,1.0
DiJonai Carrington,Chicago Sky,G,8.818,3.091,0.636,0.636,0.182,0.818,2.818,8.545,0.636,2.273,2.545,3.455,0.555,0.298,272.621
Diamond Miller,Connecticut Sun,F,9.488,2.683,1.415,0.659,0.22,1.415,3.098,8.634,1.122,3.561,2.171,2.707,0.658,0.52,195.642
Dominique Malonga,Seattle Storm,C,16.812,8.906,1.719,0.969,1.469,2.688,6.688,13.906,0.625,2.219,2.812,3.75,0.334,0.355,0.974
Dorka Juhasz,Minnesota Lynx,F,3.824,2.647,1.235,0.294,0.647,0.529,1.471,3.647,0.824,2.529,0.059,0.235,0.5,0.871,353.039
Dulcy Fankam Mendjiadeu,Dallas Wings,F,4.0,2.0,0.5,0.0,0.0,1.0,2.0,3.5,0.0,0.0,0.0,0.0,0.0,0.25,0.5
Eliska Joklova,Minnesota Lynx,G,1.955,1.091,1.091,0.136,0.136,0.682,0.545,1.182,0.045,0.318,0.818,1.091,0.755,1.0,182.08
Elizabeth Balogun,Toronto Tempo,G,12.0,1.0,0.0,1.0,0.0,0.0,5.0,8.0,2.0,3.0,0.0,0.0,0.75,0.0,0.0
Elizabeth Williams,Chicago Sky,C,5.024,3.439,1.317,0.561,0.805,0.805,2.024,4.39,0.0,0.0,0.976,2.171,0.256,0.482,341.675
Emese Hof,Minnesota Lynx,C,2.333,1.667,0.667,0.0,0.0,1.333,1.0,2.0,0.0,0.0,0.333,0.667,0.111,0.667,0.333
Emily Engstler,Portland Fire,F,10.293,5.585,2.171,1.463,1.463,1.878,3.927,8.22,1.293,3.488,1.146,1.659,0.619,0.602,123.144
Emma Cannon,Los Angeles Sparks,F,3.765,1.353,0.353,0.059,0.118,0.824,1.118,2.235,0.647,1.294,0.882,1.118,1.514,0.346,176.471
Emma Cechova,Minnesota Lynx,F,10.25,4.25,0.0,0.25,1.5,1.5,3.75,5.75,0.0,0.25,2.75,4.5,0.408,0.0,0.0
Erica Wheeler,Los Angeles Sparks,G,8.805,1.854,5.049,0.927,0.098,1.878,3.22,8.098,1.366,4.317,1.0,1.146,0.748,2.06,172.886
Ezi Magbegor,Seattle Storm,F,6.857,4.0,1.786,0.786,1.214,1.071,2.643,6.643,0.571,1.857,1.0,1.143,0.382,0.651,286.077
Flau'jae Johnson,Seattle Storm,G,14.333,4.744,2.846,1.308,0.718,2.513,5.051,12.641,1.333,4.718,2.897,3.59,0.541,0.704,103.482
Frieda Buhner,Portland Fire,F,6.135,2.081,0.676,0.324,0.054,0.892,2.054,4.919,0.838,2.459,1.189,1.351,0.764,0.321,270.225
Gabby Williams,Golden State Valkyries,F,14.297,3.297,2.189,1.649,0.162,1.568,5.135,12.622,1.73,5.0,2.297,3.162,0.569,0.499,216.979
Gabriela Jaquez,Chicago Sky,G,6.611,2.944,0.833,0.667,0.056,1.083,2.389,5.722,0.444,1.778,1.389,1.694,0.433,0.456,222.361
Georgia Amoore,Washington Mystics,G,6.738,1.405,3.452,0.381,0.119,2.048,2.214,6.095,1.476,4.357,0.833,0.976,0.818,1.463,120.425
Gianna Kneepkens,Connecticut Sun,G,2.941,1.265,0.471,0.206,0.059,0.206,1.029,3.0,0.294,1.529,0.588,0.618,0.616,0.454,235.191
Grace Berger,Dallas Wings,G,2.5,1.5,2.5,0.5,0.0,0.0,0.5,2.0,0.5,1.0,1.0,1.0,1.5,3.0,999.0
Grace VanSlooten,Indiana Fever,F,0.571,0.286,0.071,0.0,0.071,0.214,0.286,0.286,0.0,0.0,0.0,0.0,0.0,0.167,71.357
Grace VanSlooten,Seattle Storm,F,4.25,1.5,0.75,1.0,0.75,0.25,1.25,2.0,0.5,0.75,1.25,2.0,1.417,0.5,249.75
Hailey Van Lith,Connecticut Sun,G,5.3,1.25,1.85,0.75,0.2,1.1,2.05,5.05,0.6,1.65,0.6,0.7,0.478,0.836,350.55
Haley Jones,Dallas Wings,G,1.0,1.25,1.0,0.0,0.0,0.25,0.5,1.25,0.0,0.0,0.0,0.0,0.0,0.0,1.0
Haley Jones,Portland Fire,G,5.667,2.333,1.167,0.667,0.0,1.667,2.333,4.167,0.0,0.667,1.0,1.333,0.233,0.4,166.972
Han Xu,New York Liberty,C,6.366,2.537,0.707,0.341,0.659,0.463,2.415,4.878,0.854,2.171,0.683,0.805,0.675,0.376,268.39
Harmoni Turner,Connecticut Sun,G,7.0,2.0,0.0,0.0,0.0,1.0,2.0,4.0,1.0,3.0,2.0,2.0,1.25,0.0,0.0
Holly Winterburn,Atlanta Dream,G,12.0,2.0,2.0,2.0,0.0,2.0,4.0,9.0,0.0,5.0,4.0,4.0,0.444,0.5,1.0
Holly Winterburn,Portland Fire,G,3.857,1.321,1.786,0.536,0.036,1.036,1.393,3.429,0.321,1.714,0.75,0.821,0.511,1.26,215.017
Iliana Rupert,Golden State Valkyries,C,0.0,0.0,0.0,0.0,0.0,0.0,0.0,0.0,0.0,0.0,0.0,0.0,,,0.0
Indya Nivar,Atlanta Dream,G,1.182,0.864,0.318,0.227,0.091,0.273,0.455,1.045,0.136,0.227,0.136,0.682,0.742,0.25,181.682
Isabelle Harrison,Toronto Tempo,F,12.393,6.5,1.679,0.786,0.75,1.75,4.571,10.321,0.643,2.214,2.607,3.571,0.441,0.526,143.634
Isobel Borlase,Atlanta Dream,G,4.524,1.452,1.071,0.286,0.119,0.738,1.667,4.071,0.452,1.548,0.738,0.81,0.492,0.84,190.762
JJ Quinerly,Dallas Wings,G,3.0,1.333,1.667,0.333,0.333,1.0,0.667,2.0,0.333,0.667,1.333,1.333,0.778,1.5,333.333
Jackie Young,Las Vegas Aces,G,19.5,4.19,6.5,0.833,0.262,2.405,7.0,14.19,2.357,6.119,3.143,3.381,0.751,1.001,121.734
Jacy Sheldon,Chicago Sky,G,6.268,1.366,1.634,0.805,0.268,0.951,2.22,5.268,0.829,2.683,1.0,1.171,0.646,0.843,366.311
Jade Masogayo,Minnesota Lynx,F,,,,,,,,,,,,,,,
Jade Melbourne,Seattle Storm,G,9.538,2.154,3.897,0.949,0.205,1.795,3.154,7.128,0.795,2.615,2.436,3.128,0.821,1.629,155.494
Janelle Salaun,Golden State Valkyries,F,12.947,3.895,1.211,0.605,0.105,0.789,4.184,9.842,2.421,6.105,2.158,2.658,1.012,0.359,289.732
Janiah Barker,Las Vegas Aces,F,,,,,,,,,,,,,,,
Jaylyn Sherrod,Atlanta Dream,G,2.3,0.9,1.1,0.5,0.2,0.3,0.7,2.4,0.2,0.5,0.7,0.7,0.417,1.2,599.7
Jaylyn Sherrod,Minnesota Lynx,G,0.0,1.0,1.0,0.0,0.0,0.0,0.0,0.0,0.0,0.0,0.0,2.0,,,999.0
Jaylyn Sherrod,Seattle Storm,G,2.0,1.0,3.0,5.0,0.0,3.0,1.0,5.0,0.0,1.0,0.0,0.0,0.0,3.0,1.0
Jessica Shepard,Dallas Wings,F,14.175,10.9,5.05,0.725,0.075,1.9,5.825,9.9,0.025,0.275,2.5,3.65,0.325,0.971,202.124
Jessica Timmons,Indiana Fever,G,3.0,1.0,0.5,0.0,0.0,1.0,0.5,4.0,0.0,2.0,2.0,2.5,0.467,0.0,0.5
Jewell Loyd,Las Vegas Aces,G,7.659,2.439,1.39,1.195,0.122,0.927,2.488,7.122,1.585,5.049,1.098,1.366,0.811,0.668,268.756
Jihyun Park,Los Angeles Sparks,F,2.206,1.029,0.471,0.412,0.029,0.265,0.794,2.029,0.265,1.029,0.353,0.618,0.38,0.433,264.618
Jonquel Jones,New York Liberty,C,14.439,8.902,2.61,0.61,1.171,1.976,4.78,9.756,1.829,4.683,3.049,3.659,0.897,0.706,147.321
Jordan Harrison,Portland Fire,G,5.714,1.857,4.0,0.571,0.071,2.214,1.786,4.071,0.429,1.357,1.714,2.143,0.809,2.375,286.568
Jordan Horston,Seattle Storm,F,4.743,3.571,1.314,1.057,0.514,1.2,1.829,4.886,0.371,1.657,0.714,1.057,0.337,0.851,200.49
Jordan Obi,Las Vegas Aces,G,0.0,1.0,0.0,0.0,0.0,1.0,0.0,0.0,0.0,0.0,0.0,0.0,,,0.0
Jordin Canada,Atlanta Dream,G,11.22,3.512,7.073,1.854,0.268,2.488,3.707,8.537,0.902,3.073,2.902,3.829,0.693,2.304,124.733
Jovana Nogic,Phoenix Mercury,G,9.222,0.944,1.444,0.556,0.0,1.278,2.778,6.611,1.778,4.222,1.889,2.111,1.061,0.59,167.25
Joyner Holmes,Seattle Storm,F,2.0,5.0,1.0,0.0,3.0,2.0,1.0,4.0,0.0,1.0,0.0,0.0,0.0,1.0,0.5
Julie Allemand,Toronto Tempo,G,6.3,3.2,5.433,1.333,0.4,1.7,2.367,4.333,1.233,2.9,0.333,0.433,0.946,2.766,235.364
Julie Vanloo,Los Angeles Sparks,G,0.0,2.0,2.0,0.0,0.0,2.0,0.0,2.0,0.0,2.0,0.0,0.0,0.0,,1.0
Julie Vanloo,New York Liberty,G,5.8,2.0,5.4,0.4,0.0,2.4,1.8,3.4,1.4,2.8,0.8,0.8,1.36,3.4,2.133
Juste Jocyte,Golden State Valkyries,G,2.143,0.5,0.857,0.0,0.071,0.643,0.714,2.357,0.357,1.214,0.357,0.429,0.575,1.333,214.607
Justine Pissott,Indiana Fever,G,,,,,,,,,,,,,,,
Justine Pissott,Las Vegas Aces,G,3.8,1.0,0.4,0.2,0.3,0.3,1.3,3.6,1.0,2.7,0.2,0.2,0.723,0.117,100.15
Kahleah Copper,Phoenix Mercury,G,21.316,3.579,1.868,0.763,0.079,2.395,7.158,16.079,1.711,5.737,5.289,6.711,0.672,0.318,79.694
Kaila Charles,Golden State Valkyries,G,6.15,4.425,1.375,0.75,0.225,0.975,2.275,5.475,0.625,2.225,0.975,1.25,0.568,0.78,150.658
Kaitlyn Chen,Golden State Valkyries,G,6.75,1.1,1.925,0.275,0.0,1.175,2.725,5.125,0.55,1.375,0.75,1.05,0.438,1.083,176.096
Kalani Brown,Las Vegas Aces,C,10.0,3.0,1.0,1.0,0.0,1.0,4.0,4.0,0.0,0.0,2.0,3.0,0.5,0.25,1.0
Kamiah Smalls,Portland Fire,F,7.5,0.0,3.0,0.0,0.0,2.0,2.5,5.0,2.0,3.5,0.5,0.5,0.929,2.25,1.5
Kamilla Cardoso,Chicago Sky,C,14.675,8.7,2.45,0.6,1.475,1.75,5.6,10.275,0.0,0.0,3.475,4.65,0.352,0.552,126.458
Kara Dunn,Phoenix Mercury,G,6.0,2.0,1.0,0.0,0.0,0.5,2.0,5.5,2.0,3.5,0.0,0.0,1.062,0.667,500.0
Karlie Samuelson,Portland Fire,G,4.862,1.483,0.828,0.552,0.103,0.345,1.414,3.724,1.034,3.138,1.0,1.103,1.058,0.562,413.621
Kate Martin,Los Angeles Sparks,G,2.294,1.118,0.353,0.294,0.176,0.176,0.765,2.059,0.471,1.529,0.294,0.471,0.752,0.438,293.824
Katie Lou Samuelson,Seattle Storm,F,4.438,2.094,0.812,0.812,0.094,0.469,1.469,3.625,0.812,2.531,0.688,0.875,0.997,0.574,281.219
Kayana Traylor,Indiana Fever,G,6.5,0.5,0.5,0.0,0.0,2.0,2.5,5.5,1.5,3.5,0.0,0.0,0.85,0.25,0.125
Kayla Alexander,Toronto Tempo,C,2.25,2.75,0.5,0.25,0.25,1.0,0.75,1.75,0.0,0.0,0.75,1.0,1.0,0.333,0.375
Kayla McBride,Minnesota Lynx,G,17.951,3.098,2.122,1.659,0.22,1.268,5.878,12.61,2.829,6.78,3.366,3.707,0.945,0.48,293.175
Kayla Thornton,Golden State Valkyries,F,7.825,4.475,0.7,0.6,0.225,0.625,2.525,6.875,1.525,4.275,1.25,1.35,0.797,0.394,299.883
Kelsey Mitchell,Indiana Fever,G,24.476,1.667,2.714,1.048,0.119,1.714,8.619,16.833,2.952,6.5,4.286,5.071,0.818,0.348,96.621
Kelsey Plum,Los Angeles Sparks,G,23.077,2.077,6.231,1.077,0.0,3.0,7.846,15.0,2.538,6.385,4.846,5.923,0.839,0.895,2.755
Kelsey Plum,Phoenix Mercury,G,15.8,1.8,2.8,0.6,0.0,2.2,5.4,11.0,1.8,5.0,3.2,3.8,0.775,0.583,1.6
Kennedy Burke,Connecticut Sun,G,8.632,3.211,1.5,1.211,0.816,1.474,2.974,7.526,1.184,3.737,1.5,2.105,0.659,0.721,211.013
Kia Nurse,Toronto Tempo,G,5.475,1.125,1.0,0.35,0.0,0.5,1.625,4.6,1.1,3.325,1.125,1.25,0.852,0.845,375.033
Kiah Stokes,Golden State Valkyries,C,3.59,5.41,1.231,0.59,1.692,0.487,1.462,3.359,0.487,1.641,0.179,0.385,0.55,0.903,461.449
Kiana Williams,Los Angeles Sparks,G,3.231,0.462,1.615,0.308,0.0,0.769,1.308,3.538,0.538,2.385,0.077,0.231,0.409,0.885,308.487
Kiana Williams,Phoenix Mercury,G,4.75,0.375,0.5,0.5,0.125,0.75,1.5,4.125,1.125,3.125,0.625,0.625,1.325,0.375,125.25
Kiana Williams,Toronto Tempo,G,6.0,0.333,1.333,0.333,0.0,1.333,2.0,7.0,1.0,3.667,1.0,1.333,0.508,1.083,1.333
Kierstan Bell,Las Vegas Aces,F,2.241,1.448,0.586,0.241,0.345,0.483,0.828,2.621,0.483,1.862,0.103,0.138,0.593,0.571,206.948
Kiki Iriafen,Washington Mystics,F,15.282,9.333,1.538,0.667,0.436,1.744,5.846,11.41,0.385,1.077,3.205,4.872,0.398,0.288,154.425
Kiki Rice,Toronto Tempo,G,12.44,3.48,3.2,0.8,0.2,1.6,4.12,8.52,0.84,2.44,3.36,3.92,0.865,0.949,281.278
Kitija Laksa,Dallas Wings,G,10.0,4.0,0.0,0.0,1.0,1.0,4.0,8.0,2.0,4.0,0.0,0.0,0.75,0.0,0.0
Kyara Linskens,Phoenix Mercury,C,3.0,2.368,0.632,0.526,0.737,0.579,1.0,3.053,0.368,1.368,0.632,0.895,0.647,0.417,315.711
Kyla Oldacre,Connecticut Sun,C,0.0,0.0,0.0,0.0,0.0,2.0,0.0,1.0,0.0,0.0,0.0,0.0,0.0,,0.0
Laeticia Amihere,Golden State Valkyries,F,3.4,3.086,0.971,0.429,0.743,0.8,1.286,2.657,0.143,0.371,0.686,1.286,0.393,0.72,200.319
Lani White,Minnesota Lynx,G,,,,,,,,,,,,,,,
Laura Juskaite,Toronto Tempo,F,10.146,4.341,1.683,1.171,0.244,2.073,3.585,7.854,0.951,3.073,2.024,2.537,0.686,0.573,122.627
Laura Ziegler,Los Angeles Sparks,F,2.0,1.25,0.75,0.25,0.5,0.25,0.75,2.75,0.0,1.5,0.5,0.75,0.25,0.25,499.5
Lauren Betts,Washington Mystics,C,6.667,4.5,1.119,0.524,0.738,0.881,2.595,4.762,0.0,0.0,1.476,2.024,0.393,0.464,309.798
Leila Lacan,Connecticut Sun,G,11.63,1.852,4.593,1.667,0.333,2.185,4.407,10.407,1.074,3.407,1.741,2.407,0.545,1.226,76.563
Leonie Fiebich,New York Liberty,F,9.778,3.278,2.0,1.111,0.111,1.722,3.222,7.222,1.778,4.167,1.556,1.833,0.909,0.751,112.227
Lexi Held,Phoenix Mercury,G,6.129,1.161,1.452,0.516,0.129,0.968,2.129,5.516,1.0,2.806,0.871,0.968,0.63,0.701,97.758
Lexi Held,Toronto Tempo,G,1.556,0.778,0.778,0.222,0.0,0.444,0.556,2.0,0.333,0.778,0.111,0.111,0.719,1.25,111.556
Lexie Brown,Seattle Storm,G,3.8,1.3,1.1,0.5,0.1,1.0,1.2,2.6,0.9,2.0,0.5,0.6,1.59,0.528,499.708
Lexie Hull,Indiana Fever,G,5.375,3.125,0.7,0.55,0.175,0.75,1.925,4.425,0.8,2.3,0.725,0.875,0.834,0.284,200.167
Li Yueru,Dallas Wings,C,3.406,2.812,0.469,0.125,0.281,0.719,1.0,2.5,0.25,1.094,1.156,1.594,0.971,0.333,125.073
Liatu King,Minnesota Lynx,F,2.9,2.6,0.0,0.4,0.4,0.7,1.1,2.0,0.2,0.6,0.5,1.4,0.667,0.0,0.0
Lindsay Allen,Dallas Wings,G,1.5,0.0,1.0,0.0,0.0,1.0,0.5,1.0,0.0,0.0,0.5,0.5,0.5,2.0,1.0
Lucy Olsen,Washington Mystics,G,3.048,0.619,0.952,0.238,0.048,0.619,1.048,2.286,0.381,1.0,0.571,0.714,0.887,0.718,333.214
Luisa Geiselsoder,Portland Fire,C,4.391,2.652,1.174,0.304,0.391,1.0,1.522,4.609,0.696,2.478,0.652,0.783,0.518,0.991,130.935
Mackenzie Holmes,Seattle Storm,F,2.692,2.846,0.5,0.577,0.231,0.462,1.0,1.808,0.231,0.423,0.462,0.654,0.64,0.321,154.01
Maddy Siegrist,Dallas Wings,F,6.925,2.975,0.875,0.425,0.4,0.3,2.75,5.55,0.8,2.025,0.625,0.725,0.583,0.352,399.8
Maddy Westbeld,Chicago Sky,F,1.0,1.333,0.667,0.0,0.0,0.333,0.333,2.0,0.333,1.667,0.0,0.0,0.25,0.0,333.333
Maddy Westbeld,Phoenix Mercury,F,3.5,2.5,0.75,0.75,0.5,1.5,1.0,4.0,0.5,1.5,1.0,1.0,0.476,1.167,249.917
Madina Okot,Atlanta Dream,C,5.585,3.39,0.293,0.341,0.317,1.341,2.22,3.829,0.049,0.293,1.098,1.463,0.321,0.133,48.883
Madison Hayes,Connecticut Sun,G,2.0,4.0,0.0,0.0,0.0,0.0,1.0,2.0,0.0,0.0,0.0,0.0,0.0,0.0,0.0
Madison Scott,Washington Mystics,G,0.0,0.0,0.0,1.0,0.0,1.0,0.0,1.0,0.0,0.0,0.0,0.0,0.0,,0.0
Mai Yamamoto,Las Vegas Aces,G,5.273,1.182,1.727,0.727,0.0,0.364,1.636,4.455,1.182,3.091,0.818,0.818,0.964,1.167,545.545
Maite Cazorla,Atlanta Dream,G,5.0,4.0,4.0,2.0,0.0,2.0,1.0,2.0,0.0,1.0,3.0,4.0,1.5,4.0,2.0
Makayla Timpson,Indiana Fever,F,5.829,4.805,0.512,0.61,0.829,0.756,2.415,3.707,0.0,0.0,1.0,1.512,0.226,0.249,195.146
Maria Conde,Toronto Tempo,F,8.879,4.636,2.606,0.455,0.152,1.606,3.091,8.364,1.606,4.545,1.091,1.242,0.672,1.081,122.467
Mariella Fasoula,Toronto Tempo,C,1.333,1.0,0.333,0.333,0.667,0.667,0.667,1.667,0.0,0.0,0.0,0.0,0.0,0.5,0.333
Marina Mabrey,Toronto Tempo,G,20.844,3.281,3.688,0.906,0.375,3.094,6.812,15.438,3.281,8.531,3.938,4.469,0.872,0.715,1.518
Marine Fauthoux,New York Liberty,G,3.833,2.056,1.944,0.167,0.0,1.222,1.167,3.167,0.611,1.944,0.889,1.389,0.806,2.008,167.718
Marine Johannes,New York Liberty,G,8.59,2.154,2.41,0.949,0.128,1.59,2.949,7.051,2.154,5.538,0.538,0.615,0.89,1.167,78.487
Marta Suarez,Phoenix Mercury,F,3.625,1.375,0.438,0.25,0.062,0.688,1.375,2.812,0.312,0.938,0.562,0.875,0.384,0.111,125.094
Maya Caldwell,Minnesota Lynx,G,4.0,2.15,1.0,0.625,0.175,0.7,1.375,3.675,0.7,1.875,0.55,0.675,0.712,0.642,250.329
Maya Caldwell,Portland Fire,G,2.0,5.0,2.0,0.0,0.0,3.0,1.0,3.0,0.0,2.0,0.0,0.0,0.0,2.0,0.667
Megan DiLeo,Portland Fire,C,13.237,4.184,0.921,0.368,0.605,0.737,5.184,9.395,1.342,3.658,1.526,1.895,0.609,0.193,184.463
Megan McConnell,Indiana Fever,G,0.0,2.5,1.5,1.0,0.5,2.0,0.0,2.0,0.0,1.0,0.0,0.0,0.0,,0.5
Mercedes Russell,Indiana Fever,C,1.6,0.8,0.8,0.2,0.0,0.2,0.2,0.6,0.0,0.0,1.2,1.6,1.333,1.0,399.6
Michaela Onyenwere,Washington Mystics,F,8.973,2.676,1.757,0.432,0.162,1.622,2.973,6.784,1.405,3.568,1.622,1.946,0.851,0.794,135.905
Michelle Onyiah,Indiana Fever,C,0.0,0.0,0.0,0.0,0.0,0.0,0.0,0.0,0.0,0.0,0.0,0.0,,,0.0
Michelle Onyiah,New York Liberty,C,,,,,,,,,,,,,,,
Miela Sowah,Golden State Valkyries,G,0.333,0.833,0.0,0.0,0.0,0.333,0.167,1.5,0.0,1.167,0.0,0.0,0.0,0.0,0.0
Migna Toure,Connecticut Sun,G,,,,,,,,,,,,,,,
Monique Akoa Makani,Los Angeles Sparks,G,4.125,1.25,1.75,0.625,0.5,1.75,1.5,4.5,0.375,1.875,0.75,1.0,0.48,1.222,125.542
Monique Akoa Makani,Phoenix Mercury,G,9.368,2.053,2.526,1.158,0.211,2.0,3.053,6.947,1.263,2.895,2.0,2.316,0.867,1.118,158.785
Monique Billings,Indiana Fever,F,6.707,4.732,0.976,0.902,0.463,0.878,2.341,4.512,0.146,0.488,1.878,2.512,0.545,0.495,341.35
Morgan Maly,Chicago Sky,G,0.0,0.0,0.0,0.0,0.0,0.0,0.0,0.0,0.0,0.0,0.0,0.0,,,0.0
Myisha Hines-Allen,Indiana Fever,F,3.778,3.333,1.472,0.5,0.333,1.083,1.472,3.056,0.194,0.611,0.639,0.944,0.428,1.002,278.289
NaLyssa Smith,Las Vegas Aces,F,11.55,6.35,0.875,0.6,0.625,0.9,4.75,7.525,0.025,0.225,2.025,3.6,0.304,0.227,150.408
Nadia Fingall,Golden State Valkyries,C,1.222,0.556,0.222,0.0,0.0,0.111,0.444,0.667,0.111,0.333,0.222,0.222,1.25,0.167,222.0
Napheesa Collier,Minnesota Lynx,F,18.0,7.333,2.75,1.417,1.0,2.167,6.583,13.417,1.75,3.75,3.083,3.583,0.645,0.42,84.285
Natasha Cloud,Chicago Sky,G,11.125,3.375,4.825,1.05,0.325,2.15,3.75,7.65,1.125,3.15,2.5,2.925,0.739,1.526,152.098
Natasha Howard,Minnesota Lynx,F,14.512,7.585,3.317,1.683,0.927,2.512,5.927,10.195,0.073,0.39,2.585,3.61,0.293,0.643,123.247
Natasha Mack,Phoenix Mercury,F,8.485,6.758,1.212,0.848,1.212,0.909,3.576,5.939,0.061,0.242,1.273,1.606,0.273,0.38,212.586
Natisha Hiedeman,Seattle Storm,G,15.324,2.649,4.838,1.081,0.135,2.243,5.459,12.405,1.865,5.568,2.541,2.946,0.644,1.192,136.999
Naz Hillmon,Atlanta Dream,F,8.902,4.537,1.512,0.585,0.39,1.366,3.366,7.22,1.171,3.805,1.0,1.22,0.63,0.492,220.14
Ndjakalenga Mwenentanda,Golden State Valkyries,G,0.0,0.4,0.4,0.0,0.0,0.2,0.0,0.2,0.0,0.2,0.0,0.0,0.0,,399.6
Nell Angloma,Connecticut Sun,F,4.216,1.811,0.811,0.541,0.27,0.784,1.459,3.568,0.135,0.811,1.162,1.73,0.521,0.489,189.495
Nia Brodie,Minnesota Lynx,F,6.463,4.439,1.707,0.927,1.024,0.683,2.463,5.439,1.244,3.195,0.293,0.537,0.76,0.983,390.78
Nikolina Milic,Toronto Tempo,F,3.0,1.286,0.429,0.0,0.0,0.714,1.286,2.714,0.0,0.286,0.429,0.571,0.25,0.438,285.571
Nneka Ogwumike,Los Angeles Sparks,F,17.195,8.707,3.073,1.146,0.317,1.829,6.732,13.0,1.415,3.488,2.317,2.732,0.529,0.484,147.848
Noemie Brochant,Phoenix Mercury,F,6.375,1.95,1.85,1.075,0.225,0.975,2.5,5.4,1.05,2.675,0.325,0.45,0.603,0.718,225.971
Nyadiew Puoch,Portland Fire,F,4.268,1.976,0.732,0.732,0.122,0.537,1.585,4.195,0.537,2.0,0.561,0.927,0.582,0.49,365.634
Nyara Sabally,Toronto Tempo,F,12.292,5.25,1.708,1.0,0.875,1.583,4.5,8.542,0.833,2.125,2.458,3.417,0.566,0.44,167.261
Odyssey Sims,Dallas Wings,G,4.824,0.971,2.088,0.5,0.059,0.971,1.706,4.324,0.471,1.441,0.941,1.118,0.45,1.212,206.76
Olivia Miles,Minnesota Lynx,G,19.538,4.641,5.897,1.231,0.615,3.051,6.974,14.154,1.615,4.103,3.974,4.615,0.624,1.009,28.0
Olivia Nelson-Ododa,Connecticut Sun,C,10.088,5.824,1.588,0.735,0.794,1.647,3.794,6.588,0.0,0.059,2.5,3.676,0.545,0.489,264.995
Ornella Bankole,Toronto Tempo,G,3.5,2.0,0.9,0.2,0.0,0.2,1.3,2.7,0.5,1.1,0.4,0.5,0.843,0.595,299.8
Paige Bueckers,Dallas Wings,G,20.195,4.049,5.854,0.878,0.366,2.146,7.707,15.098,1.829,4.537,2.951,3.366,0.57,0.896,149.34
Pauline Astier,New York Liberty,G,9.357,2.476,3.405,0.833,0.167,1.714,3.429,6.262,0.381,1.167,2.119,2.381,0.549,1.217,215.598
Peyton Williams,Phoenix Mercury,F,0.0,0.0,2.0,0.0,1.0,0.0,0.0,1.0,0.0,0.0,0.0,0.0,0.0,,999.0
Quionche Carter,Phoenix Mercury,G,1.154,0.692,0.538,0.385,0.0,0.154,0.231,1.385,0.0,0.692,0.692,1.231,0.424,1.0,384.231
Rachel Banham,Chicago Sky,G,4.811,1.216,1.216,0.297,0.216,0.757,1.649,4.622,1.108,3.378,0.405,0.514,0.772,0.786,351.419
Rae Burrell,Los Angeles Sparks,G,14.244,2.341,2.537,0.878,0.61,2.39,4.951,10.805,1.537,4.171,2.805,3.488,0.704,0.618,25.62
Raegan Beers,Connecticut Sun,F,3.861,2.972,0.833,0.472,0.25,0.944,1.389,2.944,0.083,0.194,1.0,1.5,0.553,0.552,166.847
Raquel Carrera,New York Liberty,F,1.435,1.043,0.304,0.087,0.087,0.348,0.478,0.87,0.087,0.348,0.391,0.609,0.795,0.214,173.848
Raven Johnson,Indiana Fever,G,3.216,1.811,1.297,0.459,0.108,0.838,1.297,3.216,0.324,1.351,0.297,0.405,0.462,1.248,135.604
Rayah Marshall,Connecticut Sun,C,2.0,1.5,0.25,0.0,0.25,0.75,0.5,2.0,0.0,0.0,1.0,1.5,0.833,0.5,249.75
Rayah Marshall,Dallas Wings,C,0.0,0.0,0.0,1.0,0.0,1.0,0.0,0.0,0.0,0.0,0.0,0.0,,,0.0
Rebecca Allen,New York Liberty,G,5.72,2.48,0.68,0.56,0.4,0.56,2.0,4.8,1.28,3.2,0.44,0.52,0.894,0.415,319.94
Rebekah Gardner,New York Liberty,G,5.375,2.6,1.225,0.525,0.2,0.575,1.975,4.0,0.25,1.05,1.175,1.25,0.586,0.497,449.971
Reigan Richardson,Minnesota Lynx,G,,,,,,,,,,,,,,,
Rhyne Howard,Atlanta Dream,G,17.732,3.732,3.707,2.341,0.878,1.366,5.707,14.22,3.146,8.854,3.171,3.61,0.894,0.763,197.136
Rickea Jackson,Chicago Sky,F,18.0,4.75,2.0,0.25,1.75,2.0,6.0,15.0,1.5,5.25,4.5,5.5,0.501,0.358,1.5
Rori Harmon,Washington Mystics,G,1.286,0.571,1.286,0.5,0.0,1.143,0.5,1.214,0.071,0.571,0.214,0.429,0.286,1.067,143.176
Sabrina Ionescu,New York Liberty,G,15.138,3.931,4.655,0.621,0.31,2.759,5.103,12.724,1.966,6.552,2.966,3.31,0.691,1.047,36.517
Sami Whitcomb,Phoenix Mercury,G,5.389,1.722,2.111,0.667,0.111,1.056,1.722,5.111,1.333,4.0,0.611,0.611,0.795,1.185,278.667
Sania Feagin,Los Angeles Sparks,F,2.0,1.0,0.5,0.25,0.0,0.25,0.5,1.0,0.0,0.0,1.0,1.0,0.667,0.0,249.75
Sania Feagin,Portland Fire,F,0.0,0.0,0.0,0.0,0.0,0.0,0.0,0.0,0.0,0.0,0.0,0.0,,,0.0
Saniya Rivers,Connecticut Sun,G,7.105,2.579,3.132,1.105,0.684,1.395,2.763,8.053,0.342,2.026,1.237,2.026,0.329,1.395,212.254
Sarah Ashlee Barker,Portland Fire,G,10.296,4.333,2.296,0.852,0.333,1.926,4.0,7.963,1.333,3.333,0.963,1.296,0.622,0.778,75.345
Satou Sabally,New York Liberty,F,10.385,2.769,1.923,0.077,0.154,1.692,3.462,7.538,1.538,4.0,1.923,2.231,0.91,0.721,77.756
Saylor Poffenbarger,Chicago Sky,G,0.0,1.2,0.2,0.4,0.0,0.0,0.0,0.8,0.0,0.8,0.0,0.0,0.0,,199.8
Saylor Poffenbarger,Minnesota Lynx,G,0.0,2.0,0.0,0.0,0.0,0.0,0.0,1.0,0.0,1.0,0.0,0.0,0.0,,0.0
Saylor Poffenbarger,Phoenix Mercury,G,1.5,2.0,0.0,0.5,0.0,0.5,0.5,2.5,0.5,2.5,0.0,0.0,1.5,0.0,0.0
Serah Williams,Portland Fire,C,4.676,2.865,0.514,0.459,0.459,0.811,1.811,3.243,0.027,0.054,1.027,1.622,0.368,0.37,162.234
Sevgi Uzun,Los Angeles Sparks,G,2.0,2.0,0.0,0.0,0.0,0.0,1.0,4.0,0.0,2.0,0.0,0.0,0.0,0.0,0.0
Shakira Austin,Washington Mystics,C,16.925,9.35,2.5,0.7,1.325,2.875,6.175,12.6,0.425,1.275,4.15,5.775,0.46,0.49,51.015
Shatori Walker-Kimbrough,Atlanta Dream,G,1.545,0.273,0.727,0.182,0.0,0.091,0.545,0.818,0.091,0.091,0.364,0.364,0.667,1.333,181.818
Shatori Walker-Kimbrough,Indiana Fever,G,3.0,1.5,1.0,0.5,0.5,0.75,1.25,2.75,0.25,0.5,0.25,1.0,0.381,0.667,249.75
Shay Ciezki,Phoenix Mercury,G,9.4,1.8,2.0,0.6,0.4,0.6,3.0,5.4,1.2,2.4,2.2,2.6,1.253,0.442,201.6
Shey Peddy,Connecticut Sun,G,,,,,,,,,,,,,,,
Shyanne Sellers,Los Angeles Sparks,G,4.0,2.0,0.0,1.0,0.0,0.0,1.0,3.0,1.0,1.0,1.0,2.0,1.333,0.0,0.0
Sika Kone,Atlanta Dream,F,1.853,1.059,0.206,0.059,0.0,0.235,0.618,1.794,0.176,0.882,0.441,0.618,0.381,0.264,88.235
Skylar Diggins,Chicago Sky,G,14.158,3.158,4.895,0.947,0.579,1.737,4.579,11.684,1.368,3.579,3.632,4.684,0.663,1.101,212.228
Sonia Citron,Washington Mystics,G,16.526,3.658,4.263,1.184,0.605,2.421,5.237,11.053,1.342,4.0,4.711,5.395,0.812,1.008,54.584
Sophie Cunningham,Indiana Fever,G,8.073,2.22,1.268,0.561,0.122,0.683,2.463,5.195,1.561,3.585,1.585,1.878,1.174,0.657,341.626
Stefanie Dolson,Seattle Storm,C,3.39,2.415,1.171,0.293,0.415,0.854,1.098,2.439,0.537,1.366,0.659,0.78,0.836,0.951,195.634
Stephanie Jones,Atlanta Dream,F,3.0,6.0,1.0,0.0,0.0,2.0,0.0,2.0,0.0,1.0,3.0,4.0,1.5,,0.5
Stephanie Talbot,Las Vegas Aces,F,3.581,2.488,1.093,0.651,0.279,0.698,1.372,3.163,0.488,1.744,0.349,0.488,0.472,0.674,209.779
Sug Sutton,Dallas Wings,G,2.273,0.727,1.5,0.318,0.091,0.682,0.955,1.955,0.227,0.818,0.136,0.182,0.387,1.487,363.932
Sug Sutton,Portland Fire,G,11.333,1.667,5.667,0.667,0.0,2.0,4.333,10.333,0.667,2.667,2.0,3.333,0.386,1.528,3.944
Sydney Taylor,Chicago Sky,G,13.765,1.5,1.824,0.706,0.206,1.5,4.853,11.235,2.0,5.971,2.059,2.588,0.711,0.519,177.299
Ta'Niya Latson,Las Vegas Aces,G,4.286,0.714,0.571,0.143,0.143,0.571,1.286,2.857,0.286,0.714,1.429,1.714,0.477,0.444,142.857
Ta'Niya Latson,Los Angeles Sparks,G,2.273,1.0,0.455,0.0,0.0,1.0,0.455,1.455,0.091,0.545,1.273,1.909,1.289,0.25,0.227
Taina Mair,Seattle Storm,G,1.444,0.444,0.444,0.0,0.111,0.444,0.444,1.889,0.333,0.778,0.222,0.222,0.452,0.25,222.222
Taylor Bigby,Connecticut Sun,G,0.0,0.0,2.0,0.0,0.0,0.0,0.0,3.0,0.0,2.0,0.0,0.0,0.0,,999.0
Taylor Thierry,Atlanta Dream,F,7.0,4.0,1.0,0.0,0.0,1.0,2.0,5.0,2.0,4.0,1.0,2.0,1.4,0.5,1.0
Taylor Thierry,Seattle Storm,F,1.214,1.571,0.286,0.143,0.0,0.143,0.357,1.286,0.214,0.714,0.286,0.286,0.446,0.5,142.714
Te-Hina Paopao,Atlanta Dream,G,3.909,0.848,1.333,0.182,0.091,0.545,1.364,3.667,0.909,2.364,0.273,0.303,0.88,1.025,424.268
Teaira McCowan,Minnesota Lynx,C,1.4,2.4,0.3,0.1,0.5,0.6,0.7,1.5,0.0,0.0,0.0,0.3,0.0,0.125,100.05
Teja Oblak,Portland Fire,G,5.552,1.586,3.172,0.655,0.034,2.483,2.172,5.207,0.759,2.069,0.448,0.621,0.594,1.817,35.739
Temi Fagbenle,Toronto Tempo,C,5.458,3.5,1.042,0.5,0.333,1.167,2.208,4.417,0.417,1.167,0.625,1.083,0.356,0.568,291.774
Teonni Key,Toronto Tempo,F,2.028,1.944,0.528,0.389,0.528,0.528,0.806,2.25,0.083,0.556,0.333,0.639,0.372,0.567,166.833
Tiffany Hayes,Golden State Valkyries,G,8.947,2.079,2.395,0.789,0.211,1.132,2.921,6.289,0.632,2.105,2.474,3.053,0.826,0.816,316.515
Tima Pouye,Toronto Tempo,G,3.158,0.842,1.158,0.211,0.0,0.737,1.0,2.895,0.421,1.368,0.737,0.947,0.534,1.025,316.079
Tonie Morgan,Los Angeles Sparks,G,4.778,1.0,2.444,1.0,0.0,1.556,1.778,3.778,0.111,0.778,1.111,1.556,0.597,1.469,112.111
Tyasha Harris,Indiana Fever,G,4.139,1.056,1.944,0.278,0.139,0.5,1.389,3.361,0.639,1.833,0.722,0.806,0.61,1.112,416.903
Valeriane Ayayi,Phoenix Mercury,F,6.333,2.697,1.273,0.515,0.212,1.364,1.485,3.939,0.576,1.939,2.788,3.333,1.304,0.69,212.402
Veronica Burton,Golden State Valkyries,G,12.325,3.55,5.8,1.5,0.4,1.4,4.025,9.325,1.425,3.925,2.85,3.475,0.804,1.838,227.864
Zaay Green,Toronto Tempo,G,2.333,0.667,0.333,0.333,0.0,0.667,1.0,2.667,0.333,1.667,0.0,0.0,0.3,0.5,0.333
Zia Cooke,Seattle Storm,G,7.537,1.659,1.073,0.39,0.024,1.073,2.415,6.951,0.78,2.659,1.927,2.39,0.699,0.546,195.509
